date,title,source,url,summary,score,sentiment,sentiment_score,is_recent,days_old,time_weight
2026-07-10,Copper Prices Are Forecast to Decline Somewhat from ...,www.goldmansachs.com,https://www.goldmansachs.com/insights/articles/copper-prices-forecast-to-decline-from-record-highs-in-2026,"What’s the forecast for copper prices in 2026?

Next year, Goldman Sachs Research expects the London Metals Exchange (LME) copper price to remain in a range of $10,000-$11,000 “as strong global demand growth from the grid and power infrastructure, backed by investment in strategic sectors such as AI and defence” keep prices from falling below $10,000. The LME copper price is forecast to average $10,710 in the first half of 2026.",0.82694983,negative,-0.3,False,0,1.0
2026-07-10,Copper Analysis | Copper Technical Analysis | Copper Forecast,www.economies.com,https://www.economies.com/commodities/copper-analysis,"##### Copper price shows no new developments – Forecast today – 18-6-2026

##### Copper price continues to hold below resistance – Forecast today – 17-6-2026

##### Copper price loses positive momentum– Forecast today – 16-6-2026

##### Copper price starts positively – Forecast today – 15-6-2026

##### Copper Price Stabilizes Above Support – Forecast today-12-6-2026

##### Copper price repeats the negative closes– Forecast today – 11-6-2026

##### Forex

##### Commodities

##### Forex Rates

##### About Us [...] Telegram
LinkedIn
Facebook
X
TikTok
Instagram
Economies.com

#### Commodities

#### Forex

#### Crypto

#### Stocks

#### Regions

Select language
Telegram
LinkedIn
Facebook
X
TikTok
Instagram

#### Language

# Copper Technical Analysis

Economies.com provides the latest technical ...",0.9138076,negative,-0.3,False,0,1.0
2026-07-10,Copper Futures Price Today,www.investing.com,https://www.investing.com/commodities/copper,"### Deep Dive

Investing.com -- Copper Futures slid sharply today, retreating to $6.0973 from a prior close of $6.226, as a deteriorating risk appetite across global markets triggered a broad-based selloff in industrial metals. The move was catalyzed by renewed macro anxiety — particularly fears around slowing global growth linked to the ongoing geopolitical conflict in the Middle East — which has persistently weighed on demand expectations for cyclically sensitive commodities like copper. [...] The convergence of these forces — stretched positioning, fading tariff-driven demand pull, rising global inventories, and weakening Chinese physical appetite — created the conditions for today's sharp correction. Fears of slowing economic growth are weighing on expectations for copper demand, and w...",0.78866494,negative,-0.5,False,0,1.0
2026-07-10,Copper - Westmetall,www.westmetall.com,https://www.westmetall.com/en/markdaten.php?action=table&field=LME_Cu_cash,"| 07. April 2026 | 12,252.00 | 12,346.00 | 378,775 |
| 02. April 2026 | 12,147.00 | 12,236.00 | 364,450 |
| 01. April 2026 | 12,270.00 | 12,370.00 | 361,925 |
| date | LME Copper Cash-Settlement | LME Copper 3-month | LME Copper stock |
| 31. March 2026 | 12,160.00 | 12,236.00 | 362,425 |
| 30. March 2026 | 12,137.00 | 12,225.00 | 362,600 |
| 27. March 2026 | 12,046.00 | 12,120.00 | 360,250 |
| 26. March 2026 | 12,108.00 | 12,190.00 | 359,825 |
| 25. March 2026 | 12,135.00 | 12,235.00 | 360,175 |
| 24. March 2026 | 11,878.50 | 11,975.00 | 359,275 |
| 23. March 2026 | 11,891.00 | 11,990.00 | 347,475 |
| 20. March 2026 | 12,021.50 | 12,131.00 | 342,350 |
| 19. March 2026 | 11,826.00 | 11,930.00 | 335,425 |
| 18. March 2026 | 12,503.00 | 12,609.00 | 334,100 | [...] | 10. February 2026 | 13,00...",0.73778254,neutral,0.0,False,0,1.0
2026-07-10,Why Record-High Copper Prices Aren't Forecast to Last,www.goldmansachs.com,https://www.goldmansachs.com/insights/articles/why-record-high-copper-prices-arent-forecast-to-last,"Copper prices on the London Metals Exchange (LME) rallied 22% from under $11,000 per tonne at the close of November to a record high of $13,387 on January 6. While Goldman Sachs Research expects the price to remain supported at $13,000 in the first quarter of the year, the team forecasts prices to decline to $11,000 per tonne by the end of the year.

One key driver of the commodity’s price is likely to be a mid-year decision from the US administration on refined copper tariffs, writes Goldman Sachs Research analyst Eoin Dinsmore. Buyers have been stockpiling copper in the US in advance of the expected import tax, creating expectations of temporary scarcity outside of the US.

“We do not expect the price above $13,000 to be sustained,” Dinsmore writes. [...] For now, uncertainty surrounding...",0.68748367,negative,-0.5,False,0,1.0
2026-07-10,LME Copper Prices To Touch $12000 In Q1 2026 - YouTube,www.youtube.com,https://www.youtube.com/watch?v=eX_41BvTvhc,"Metal mania continues! As per Gregory Shearer of JPMorgan, aluminium prices are heading towards $3,000 by Q1 2026; LME copper prices are headed towards $12,000 in Q126 & gold will finish 2026, a touch above $5000/oz. Listen in to this erudite chat with Latha Venkatesh. #goldprices#goldrally#silverprices#preciousmetalsprices#copperprices#copperrally#aluminimprices#metalsrally#2026metalspricesoutlook#cnbctv18#cnbctv18market#businessnews#businessnewstoday#businessnewsinenglish#sharemarkettoday 🔴CNBC TV18 LIVE TV:  SUBSCRIBE to our Channel:  --------------------------------------------------------------------------------------------------------------------- 👑 Check Out Top CNBC TV18 Playlist Videos: 🔹YoungTurks Reloaded: Image 15•Young Turks Reloaded with Shereen Bhan 🔹CNBC TV18 Digital [...] ...",0.6664756,positive,0.3,False,0,1.0
2026-07-10,"Copper prices have hit record highs, but smelters face mounting ...",www.iea.org,https://www.iea.org/commentaries/copper-prices-have-hit-record-highs-but-smelters-face-mounting-strategic-pressures,"Copper – a highly conductive metal that is resistant to corrosion – is at the heart of a more electrified energy system. As the world enters an Age of Electricity, strong demand growth for copper is anticipated from a wide variety of sources, including grids, electric vehicles, construction, industry and data centres. However, despite the robust demand growth outlook, there are major challenges in increasing copper supply. Based on the current project pipeline, the IEA anticipates that the copper market could face a supply deficit of 30% by 2035.",0.6188962,positive,0.5,False,0,1.0
2026-07-10,Available LME copper stocks fall to the lowest since 2021 - Reuters,www.reuters.com,https://www.reuters.com/business/energy/available-lme-copper-stocks-fall-lowest-since-2021-2023-06-22,"Skip to main content

Report AdImage 2

Exclusive news, data and analytics for financial market professionals Learn more about Refinitiv

 - Copper available to the market in London Metal Exchange (LME)approved warehouses fell to the lowest level since October 2021 after large amounts of inventory were earmarked to leave the LME system, data from the exchange showed on Thursday.

Total stocks of copper in LME warehouses stand at 80,400 metric tons. Of that 62.5% or 50,275 metric tons has been set aside or cancelled for delivering out over coming weeks. This is compared with 42% previously.

The Reuters Power Up newsletter provides everything you need to know about the global energy industry. Sign up here.

Advertisement · Scroll to continue [...] Advertisement · Scroll to continue

LME sto...",0.8896154,positive,0.7,False,0,1.0
2026-07-10,[PDF] LME Prices & Stock Trends,www.coppercouncil.org,https://www.coppercouncil.org/wp-content/uploads/2025/01/LME-Charts-Copper-Price-New-Style-6.pdf,"www.coppercouncil.org LME Prices & Stock Trends Data Coverage Daily Data to 1st February 2026 A Deep Dive into Copper www.coppercouncil.org LME Copper Prices and Warehouse Stocks 1970-2026 Source: LME 0 2,000 4,000 6,000 8,000 10,000 12,000 14,000 0 200 400 600 800 1,000 1,200 1970 1971 1972 1973 1974 1975 1976 1977 1978 1979 1980 1981 1982 1983 1984 1985 1986 1987 1988 1989 1990 1991 1992 1993 1994 1995 1996 1997 1998 1999 2000 2001 2002 2003 2004 2005 2006 2007 2008 2009 2010 2011 2012 2013 2014 2015 2016 2017 2018 2019 2020 2021 2022 2023 2024 2025 USD / tonne ‘000 Tonnes Monthly Data Stocks Price www.coppercouncil.org LME Daily Copper Price 2024-2026 (USD/Tonne) Source: LME $6,000.00 $7,000.00 $8,000.00 $9,000.00 $10,000.00 $11,000.00 $12,000.00 $13,000.00 $14,000.00 $15,000.00 Daily [...",0.77589405,neutral,0.0,False,0,1.0
2026-07-10,Workers On Strike at BHP's Escondida Copper Mine in Chile,www.industrialinfo.com,https://www.industrialinfo.com/iirenergy/industry-news/article/workers-on-strike-at-bhps-escondida-copper-mine-in-chile--333674,"Written by Amir Richani for Industrial Info Resources (Sugar Land, Texas)--A labor union at BHP Group Limited's (Melbourne, Australia) Escondida copper mine in Chile went on strike Tuesday following failed negotiations over the last few weeks. Escondida is the world's largest copper mine.  
  
 ""We ask all members to follow the instructions in order to carry out the strike in a disciplined manner since this responds to a plan that has been studied in detail from the operational and legal point of view, in addition to projecting a long-term strike,"" the labor union Syndicate Number 1 said in a statement. [...] Between February and March 2017, workers at the Escondida mine went on a 44-day strike that impacted the company's finances and the world's copper output.   
  
 Subscribers to Indust...",0.8449346,positive,0.5,False,0,1.0
2026-07-10,Chile Mantoverde Mine Strike Halts Copper Production,discoveryalert.com.au,https://discoveryalert.com.au/union-strike-chile-mantoverde-copper-2026,"The union strike at Chile's Mantoverde mine demonstrates the ongoing importance of balancing technological advancement with workforce considerations. Companies must develop integration strategies that respect worker rights whilst maintaining operational resilience. [...] Chile's Mantoverde mine strike overview scene.

Copper mining operations face unprecedented complexity when labor disruptions intersect with critical infrastructure dependencies. The union strike at Chile's Mantoverde mine exemplifies how modern mining facilities rely on intricate networks of water systems, power grids, and processing plants that create vulnerability points during industrial disputes. Understanding these operational interdependencies reveals how seemingly routine collective bargaining failures can escalate...",0.83710164,positive,0.3,False,0,1.0
2026-07-10,Copper prices: impact of Fed rate cuts and China stimulus - IG UK,www.ig.com,https://www.ig.com/uk/news-and-trade-ideas/why-fed-rate-cuts-and-chinese-stimulus-could-boost-copper-prices-240924,"Forex Commodities Copper China

            

Written by

Chris Beauchamp

Chris Beauchamp

Chief Market Analyst

Publication date

## The impact of Fed rate cuts on copper prices

Lower interest rates from the Federal Reserve (Fed) typically have a positive effect on copper prices. This is largely due to the relationship between interest rates and the strength of the US dollar. When the Fed cuts rates, it tends to weaken the dollar against other currencies.

As copper is priced in US dollars on global markets, a weaker dollar makes the metal cheaper for buyers using other currencies. This can stimulate demand from international purchasers, putting upward pressure on copper prices. [...] Personal
 Professional
 Institutional
 + Academy
  + Help

 Inbox
 Academy
 Help

 Log in
 Open account...",0.8884594,positive,0.3,False,0,1.0
2026-07-10,Copper Prices Surge as Federal Reserve Rate Signals Stir Market Optimism - Liberty Special Metals,libertyspecialtymetals.com,https://libertyspecialtymetals.com/blog/copper-prices-surge-as-federal-reserve-rate-signals-stir-market-optimism,"## Impact of Federal Reserve’s Rate Decisions

The Federal Reserve’s stance on interest rates plays a crucial role in the valuation of copper. When the Fed signals a dovish position, meaning they might halt rate hikes or even cut rates, it generally weakens the U.S. dollar. A weaker dollar makes copper cheaper for holders of other currencies, thereby increasing demand and pushing prices up. This recent signal from the Fed suggesting a potential pause or moderation in rate hikes has contributed significantly to the upward movement in copper prices.

## Market Optimism and Its Effects [...] ## Understanding Copper’s Economic Significance

Copper is integral to numerous sectors, including construction, electronics, and power generation, due to its excellent electrical and thermal conductivity...",0.8868231,positive,0.3,False,0,1.0
2026-07-10,Dollar Impact on Copper Prices: Market Analysis 2026,discoveryalert.com.au,https://discoveryalert.com.au/dollar-impact-copper-prices-analysis-2026,"Statistical correlation analysis reveals that over rolling 20-year periods, the correlation coefficient between the Dollar Index (DXY) and copper prices consistently ranges from -0.65 to -0.82, indicating a strong inverse relationship. During periods of heightened market volatility, this correlation can strengthen to -0.90 or higher, suggesting that currency effects become the dominant pricing factor when fundamental supply-demand dynamics stabilise.

### The Inverse Correlation Mechanism [...] Central bank monetary policies, trade balances, and geopolitical tensions all contribute to currency movements that ultimately reshape the affordability and accessibility of essential materials. However, these relationships operate through multiple transmission channels that extend far beyond simple...",0.92260116,neutral,0.0,False,0,1.0
2026-07-10,The Relation between Copper and the Dollar Index,www.commodityevolution.com,https://www.commodityevolution.com/2024/07/16/the-relation-between-copper-and-the-dollar-index-analysis-of-market-trends?lang=en,"This upward movement of the DXY historically corresponds to a decrease in the price of copper, highlighting the inverse relation between the two.

> ### The Inverse Relation between Copper and the Dollar Index

The inverse relation between the price of copper and the dollar index is not new to market analysts. When the dollar strengthens, the price of commodities, such as copper, quoted in dollars tends to fall. This is because a strong dollar makes these commodities more expensive for buyers using other currencies, thus reducing global demand.

> ### Economic Implications

Copper price weakness can have several implications: [...] > ### Copper Trends

In the upper chart, we see the three-month trend in the price of copper quoted on the London Metal Exchange (LME), expressed in dollars per...",0.7795405,neutral,0.0,False,0,1.0
2026-07-10,Inside the Complicated Relationship Between Copper and the U.S. Dollar,www.youtube.com,https://www.youtube.com/watch?v=jBTV61VfAjc,peak price in early may and has since declined by as much as 19 into august demand has remained strong and supply lines tight however during this time the value of the us dollar increased by 4.5 percent the increase in the us dollar made it more expensive for countries like china germany and japan to import copper thus counterbalancing some of the demand pressures should the federal reserve opt to slow down liquidity provisions and contemplate raising rates sooner than the market expects this would most likely push the us dollar higher relative to other currencies and create a headwind for copper prices moving forward you [...] [Music] recently copper prices have traded at the highest level on record taking out the previous high established in november of 2011. as the markets continue to a...,0.76847315,pending,0.0,False,0,1.0
2026-07-10,Red Metal Fired Up: The Outlook for Copper - OpenMarkets,www.cmegroup.com,https://www.cmegroup.com/openmarkets/metals/2025/Red-Metal-Fired-Up-The-Outlook-for-Copper.html,"While Chinese demand for copper is expected to remain robust in the year ahead, driven by energy grid investment and the decarbonization of its economy, short-term demand from other markets could ease as a result of the uncertain economic outlook, global trade tensions and heightened geopolitical risks. Copper is often seen as a bellwether of the economy due to its use in industry, construction and transportation, meaning demand typically rises as economies grow, but falls during periods of stagnation.

China’s demand for copper is expected to continue to grow for the next decade, before starting to ease as it reaches economic maturity, leading to less construction and a slower expansion of its manufacturing sector. [...] ### Key Factors Behind Copper’s Robust Demand

Global demand for ref...",0.8703443,pending,0.0,False,0,1.0
2026-07-10,How Global Copper Demand Impacts the Economy in China - Business Insider,www.businessinsider.com,https://www.businessinsider.com/sc/how-copper-demand-impacts-the-economy-in-china-2020-9,"## Electric vehicles

Electric vehicle production is also expected to drive China's copper consumption. Copper is an important component in electric vehicles, used in the batteries, windings, and copper rotors of electric motors, as well as in the wiring and charging infrastructure. At an average of 83kg of copper, the typical electric vehicle uses nearly four times as much of the metal as a conventional car.

While electric vehicle sales have been subdued in recent months due to a combination of the COVID-19 pandemic and a reduction in government subsidies, China has ambitions to be a leading electric vehicle manufacturing center by 2025, as part of its Made in China 2025 initiative. Such a move would further support demand for copper. [...] Subscribe   Newsletters

Sponsored content

# H...",0.80126834,pending,0.0,False,0,1.0
2026-07-10,The Curious Case of Chinese Copper Consumption,blog.gorozen.com,https://blog.gorozen.com/blog/copper-consumption-2024,"Chart: Copper Surplus (Deficit) vs. Inventory

The latest data from the World Bureau of Metal Statistics (WBMS) confirms that global copper demand remains robust, outpacing supply. Through the first eight months of 2024, copper demand grew by nearly 4%, evenly split between developed and developing economies. Among OECD countries, copper consumption rose a healthy 3.2%, while non-OECD nations—driven by standout gains in Malaysia, Taiwan, Vietnam, and Brazil—saw consumption grow by a remarkable 8.3%.

China, however, tells a more nuanced story. Having posted a 13% year-over-year surge in copper consumption in 2023, growth has decelerated sharply in 2024, with consumption rising just 3% through the first eight months. [...] This overconsumption is partially explained by China’s massive inves...",0.78886026,pending,0.0,False,0,1.0
2026-07-10,[PDF] The Electric Vehicle Market and Copper Demand,internationalcopper.org,https://internationalcopper.org/wp-content/uploads/2017/06/2017.06-E-Mobility-Factsheet-1.pdf,"The Electric Vehicle Market and Copper Demand Research Conducted by: IDTechEx Presented: June 2017 Copper demand will be substantially impacted by the growing market for electric vehicles (EVs) over the next decade, according to new research commissioned by the International Copper Association (ICA). The study, titled Copper Intensity in the Electrification of Transport and the Integration of Energy Storage, was conducted by IDTechEx. It provides new details on the important role copper plays in EV technology.
Electric vehicle forecast Electric vehicle Cu demand Key Findings: • All types of EV require a substantial amount of copper. It is used in batteries, windings and copper rotors used in electric motors, wiring, busbars and charging infrastructure. [...] • Plug-in hybrid electric vehic...",0.9229352,pending,0.0,False,0,1.0
2026-07-10,"Copper in Electric Vehicle Market Size, Share & Forecast Report 2035",www.marketresearchfuture.com,https://www.marketresearchfuture.com/reports/copper-in-electric-vehicle-market-33881,"North America is witnessing a significant surge in copper demand driven by the electric vehicle (EV) market, with the U.S. leading the charge. The region holds approximately 40% of the global market share, followed closely by Canada at 25%. Regulatory incentives, such as tax credits for EV purchases and stringent emissions standards, are catalyzing this growth. The push for sustainable energy solutions further enhances the demand for copper in EV batteries and wiring. The competitive landscape is dominated by key players like Freeport-McMoRan and Southern Copper Corporation, which are investing heavily in copper production to meet the rising demand. The U.S. government is also supporting initiatives to increase domestic copper production, ensuring a stable supply chain for EV [...] The inc...",0.91118777,pending,0.0,False,0,1.0
2026-07-10,How Copper Is Used for Renewable Energy Applications - Belmont Metals,www.belmontmetals.com,https://www.belmontmetals.com/how-copper-is-used-for-renewable-energy-applications,"Belmont Metals

# How Copper Is Used for Renewable Energy Applications

# How Copper Is Used for Renewable Energy Applications

copper wire

# How Copper Is Used for Renewable Energy Applications

As the world relies less on fossil fuels, another natural resource is filling the void. Copper has many benefits — it’s durable, conductive, ductile, and recyclable. It’s a preferred solution in clean energy applications, including solar energy, wind turbines, and energy storage. By 2040, these types of renewable energy are expected to make up 61% of copper consumption.

In this article, we’ll look at how copper is used in renewable energy applications, including solar power, wind turbines, energy storage, and recycling efforts that support a sustainable future. [...] ## Copper in Solar Energy Sy...",0.8106142,pending,0.0,False,0,1.0
2026-07-10,soaring copper demand an obstacle to future growth,www.woodmac.com,https://www.woodmac.com/press-releases/soaring-copper-demand-an-obstacle-to-future-growth,"Energy transition reshapes structural demand 

Beyond AI-driven demand, the broader energy transition is fundamentally reshaping copper consumption patterns. The shift to renewable energy systems will require an additional two Mtpa of copper supply over the next decade, according to Wood Mackenzie. The geopolitical implications of copper supply chains have become increasingly apparent as nations seek to reduce reliance on volatile energy imports. The report noted that copper demand from the sector is projected to climb from 1.7 Mtpa today to 4.3 Mtpa by 2035, an annual growth rate of 10%.",0.8033131,pending,0.0,False,0,1.0
2026-07-10,Renewable energy in copper production: A review on systems design and methodological approaches,www.sciencedirect.com,https://www.sciencedirect.com/science/article/abs/pii/S095965261933848X,"The use of renewable energy (RE) in the copper industry is not new. For example, there are power purchase agreements (energy contracts) for renewable electricity supply (e.g. wind power for the _Los Pelambres_ copper mine in Chile (Choi and Song, 2017)). Solar heat plants are also in use, such as the _Pampa Elvira Solar_ flat plate collector plant which supplies low-temperature heat for a _Codelco’s_ operation (Díaz-Ferrán et al., 2015). In spite of proven technical feasibility, the overall penetration of renewables in the copper sector remains low. For instance, the energy requirements for transport and heat are usually covered by fossil fuels and electricity generation is mostly based on conventional technologies. For example, in Chile (the world’s leading copper producer), half of the [...",0.7931224,pending,0.0,False,0,1.0
2026-07-10,Nvidia corrects data center copper usage error - comnen,www.comnen.com,https://www.comnen.com/nvidia-corrects-data-center-copper-usage-error-500000-tons-to-200-tons-per-gigawatt,"Research institutions recalculated the actual impact of AI data centers on copper demand. Based on the revised data (200 tons/gigawatt), even if the total installed capacity of global data centers reaches McKinsey’s forecast of 219 gigawatts by 2030, the total copper required would only be around 44,000 tons.

In comparison, current global annual refined copper production exceeds 28.6 million tons. This means that even under the most optimistic AI growth forecasts, data centers will require only about 0.15% of global annual copper production. [...] This change stemmed from a serious error in Nvidia’s estimation of copper usage in data centers—from “500,000 tons” of copper for a 1-gigawatt data center, it was revised to only “200 tons,” a figure only four ten-thousandths of the original.

1...",0.9134376,pending,0.0,False,0,1.0
2026-07-10,AI's Hunger For Copper - Quest Metals,www.questmetals.com,https://www.questmetals.com/blog/ai-s-hunger-for-copper,"## The Copper-Intensive Components

Copper demand in an AI data center is woven into every layer of its infrastructure, a reliance driven by the metal’s unmatched electrical and thermal conductivity. Copper is the material of choice for power cables, busbars, power distribution strips, connectors, and transformers. Its superior conductivity ensures efficient power transmission with minimal energy loss, which is essential for powering high-density server racks. [...] by the fundamental physics of electricity and thermal management. A case study of a Microsoft data center from 2009 showed that it used about 2,177 tonnes of copper, which equates to roughly 27 tonnes per megawatt of power capacity. With AI-ready racks increasing power needs substantially, the per-site copper footprint is growi...",0.9125066,pending,0.0,False,0,1.0
2026-07-10,Data Centers' Copper Hunger: How AI is Driving a Looming Supply ...,carboncredits.com,https://carboncredits.com/data-centers-copper-hunger-how-ai-is-driving-a-looming-supply-crunch,"## Why AI Data Centers Are So Copper-Intensive?

Copper may account for up to 6% of a data center’s capital costs, but its role is essential. The metal’s unmatched electrical conductivity ensures efficient power transmission, while its high thermal conductivity supports heat exchangers vital for cooling AI-intensive servers. That’s why cables, busbars, power distribution strips, connectors, transformers, and cooling systems all rely heavily on copper.

Its ductility and malleability also allow it to be shaped into compact connectors and other components critical to space-optimized server rooms. From high-capacity cabling to switchgear and transformers, copper is woven into every layer of a data center’s infrastructure.

copper demand AI data centers 
copper demand AI data centers [...] ###...",0.8893851,pending,0.0,False,0,1.0
2026-07-10,Goldman Sachs Raises Copper Price Forecast,www.theglobeandmail.com,https://www.theglobeandmail.com/investing/markets/markets-news/Yolowire/2328492/goldman-sachs-raises-copper-price-forecast,"As a result, Goldman Sachs now expects U.S. inventories to grow by approximately 900,000 tonnes this year, reaching around 1.8 million tonnes by the end of 2026.

The bank's revised copper price forecast shows a sharp upward revision, with Goldman now expecting $13,349 U.S. per tonne in 2026 and $13,800 U.S. a tonne in 2027.

Previously the bank forecast $12,131 U.S. a tonne this year and $10,750 U.S. a tonne in 2027.

Goldman Sachs named Lundin Mining (TSX: $LUN) and Antofagasta (ANTO) as its top picks among copper stocks.

GS stock has risen 77% over the past 12 months to trade at $1,074.00 U.S. per share. [...] ## 

## Latest in

## More

# Goldman Sachs Raises Copper Price Forecast

Investment bank Goldman Sachs (NYSE: $GS) has raised its copper price forecast as it sees the market out...",0.960216,pending,0.0,False,0,1.0
2026-07-10,"Citi turns bullish on copper, sees price hitting $15,000 per ton within a year",ca.finance.yahoo.com,https://ca.finance.yahoo.com/news/citi-turns-bullish-copper-sees-171429430.html,"Sam Boughedda

1 min read

 C

  -0.11%

Investing.com -- Citi has turned bullish on copper after several months of a broadly neutral stance, raising its near-term price forecast to $14,500 per metric ton and targeting $15,000 per ton within the next six to twelve months, driven by U.S. tariff tailwinds, tighter supply and resilient demand from energy transition and AI infrastructure.

Analyst Tom Mulqueen told clients in a note that the bank expects the market to hold up even if the Strait of Hormuz remains closed through July, while any earlier resolution would provide additional upside for risk assets. [...] On tariffs, Citi said ""U.S. copper tariff fears can remain supportive through June,"" adding that the firm anticipates strategic ambiguity from U.S. policymakers rather than a defini...",0.85797083,pending,0.0,False,0,1.0
2026-07-10,"Copper Outlook 2026: Institutional Rotation, Supply Deficits ...",www.investing.com,https://www.investing.com/analysis/copper-outlook-2026-institutional-rotation-supply-deficits-technical-analysis-200673451,"Citigroup (Citi) sees copper potentially exceeding $13,000/ton and approaching $15,000/ton in 2026 if supply shortages and low inventories persist. The main reasons are delays or disruptions at large mines and new mining investments not keeping pace with rising demand.

### Institutional Money Rotation

Some signals indicate that large investors are gradually rebalancing portfolios from gold and silver into base metals like copper. This trend reflects growing interest in copper not just for industrial use but also as an attractive investment channel. [...] Major mining companies, such as Freeport‑McMoRan, one of the world’s largest copper producers, have attracted strong investor interest as copper prices rally. The company’s stock has shown positive performance, reflecting growing market ...",0.85509074,pending,0.0,False,0,1.0
2026-07-10,Morgan Stanley offers copper prices forecast for 2026,www.investing.com,https://www.investing.com/news/commodities-news/morgan-stanley-offers-copper-prices-forecast-for-2026-93CH-4395237,"The investment bank maintains a 2026 base case price forecast of $10,650 per ton for copper, with a bull case scenario of $12,780 per ton, noting that current conditions bring upside risks to these projections. Copper is currently trading at $11,620.50.

Morgan Stanley identifies a key downside risk for copper prices: if the United States were to ""unequivocally rule out"" potential refined copper tariffs, which could release excess metal that has accumulated in anticipation of such measures.

_This article was generated with the support of AI and reviewed by an editor. For more information see our T&C._

Copper

Follow

Analyze HG

Included in our AI-picked strategies

·

Review strategies

6.2223

▼-0.0282(-0.45%)

Real-time Data·21:12:04·USD

1D

1W

1M

6M

1Y

5Y

Max [...] © Reuters.

...",0.77650476,pending,0.0,False,0,1.0
2026-07-10,Morgan Stanley sees sustained copper rally into 2026 on ...,uk.finance.yahoo.com,https://uk.finance.yahoo.com/news/morgan-stanley-sees-sustained-copper-143607736.html,"The firm's commodity team now forecasts ""2026e prices of $4.83/lb roughly in-line with spot prices of $4.85/lb, but well above the YTD average of $4.34/lb.""

Due to limited options for exposure to copper, Morgan Stanley said it ""no longer expect[s] SCCO to underperform,"" and sees shares ""trading at an elevated premium multiple to their historical average.""

The analysts set a new mid-2026 price target of $132 a share, adding that there could be ""upside to our dividend estimates given controlling shareholders' cash needs for potential M&A.""

Penoles was also raised to Equal Weight as it is ""once again trading at a discount to its SoP,"" despite strong year-to-date performance. Morgan Stanley noted the stock's ""current SoP discount is well below the historical average."" [...] Sam Boughedda

1...",0.76826453,pending,0.0,False,0,1.0
2026-07-10,Morgan Stanley Sees Tight Copper Market Supporting Prices Through 2026,www.tradingpedia.com,https://www.tradingpedia.com/2025/12/08/morgan-stanley-sees-tight-copper-market-supporting-prices-through-2026,"## Deficit Projections and Price Scenarios

Based on its current modeling, Morgan Stanley anticipates that these market forces are likely to deepen the copper supply shortfall next year. The bank is projecting a deficit of 590,000 tons in the copper market.

Against this backdrop, Morgan Stanley is maintaining its 2026 base case forecast for copper at $10,650 per ton. It also outlines a more optimistic bull case scenario in which prices could reach $12,780 per ton. The bank notes that existing market conditions create upside risks to both of these projections.

At the time of the note, copper is trading at $11,620.50. [...] At the time of the note, copper is trading at $11,620.50.

| Metric | Value |
 --- |
| Projected copper market deficit (next year) | 590,000 tons |
| 2026 base case cop...",0.7653308,pending,0.0,False,0,1.0
2026-07-09,Copper - Price - Chart - Historical Data - News - Trading Economics,tradingeconomics.com,https://tradingeconomics.com/commodity/copper,"### Copper rose to 6.08 USD/Lbs on July 9, 2026, up 0.35% from the previous day. Over the past month, Copper's price has fallen 2.78%, but it is still 8.70% higher than a year ago, according to trading on a contract for difference (CFD) that tracks the benchmark market for this commodity. Copper is expected to trade at 6.31 USd/LB by the end of this quarter, according to Trading Economics global macro models and analysts expectations. Looking forward, we estimate it to trade at 6.92 in 12 months time.

 Search...

1D



   

   

Aug Sep Oct Nov Dec 2026 Feb Mar Apr May Jun Jul

6.071

1D1W1M6M1Y5Y10Y25YAll

Copper (USD/Lbs)6.071+0.017(+0.27%)

Copper X [...] ## Copper rose to 6.08 USD/Lbs on July 9, 2026, up 0.35% from the previous day. Over the past month, Copper's price has fallen 2.78%...",0.8815438,pending,0.0,False,1,0.8
2026-07-09,LME Copper | London Metal Exchange,www.lme.com,https://www.lme.com/metals/non-ferrous/lme-copper,"Please select a business date in the last month   Update 

 Start Date   End Date   Update 

### Volume

 false 

 Start Date   End Date   Update 

### Market open interest

 false 

 Market Open Interest (MOI) shows the total number of open member and market participant Long positions that have not yet settled. MOI is published for futures contracts on a T+3 basis on this page. 

 Price graphs  Shown in US$ 09 Jul 2026 

 Start Date   End Date   Update 

### LME Copper Official Prices graph

 false 

 Reset Zoom 

 Start Date   End Date   Update 

### LME Copper Closing Prices graph

 false 

 Reset Zoom 

## Login or register to view historical prices and monthly averages.

Log InRegister

## Login or register to view historical prices and monthly averages.

Log InRegister [...] Download...",0.82761955,pending,0.0,False,1,0.8
2026-06-05,Copper Market Balance: A Look at 2026 Deficit Forecasts,www.miningvisuals.com,https://www.miningvisuals.com/post/copper-market-balance-a-look-at-2026-deficit-forecasts,"# Key takeaways

 The ICSG Reverses Course: The International Copper Study Group has abandoned its previous surplus projections, now officially forecasting a 150,000 metric ton copper deficit for 2026.
 AI Demand Deepens the Deficit: J.P. Morgan projects an even steeper 330,000 metric ton shortfall, driven heavily by the massive material demands of new hyperscale data centers.
 Supply Continues to Stumble: Global production is struggling to keep pace, weighed down by prolonged mine closures and downgraded output guidance from major operations in Chile. [...] For years, analysts modeling the global copper market were comforted by the expectation of a reliable buffer of surplus supply. But as our latest data visualization reveals, market balance forecasts show a sharp shift from a projected ...",0.73596483,pending,0.0,False,35,0.2
2026-05-22,UK LME Copper Inventories,www.metalsmine.com,https://www.metalsmine.com/calendar/693-uk-lme-copper-inventories,"From brecorder.com|May 22, 2026

  Copper prices rose on Friday as falling available inventories offset expectations of seasonally muted demand in top metals consumer China and uncertainty around progress in U.S.-Iran peace talks. Three-month copper on the London Metal Exchange was up 1.0% at $13,642 a metric ton by 1000 GMT. Available copper stocks in LME-registered warehouses fell to a 10-week low, LME daily data showed, after 53,325 tons were earmarked for delivery. More than half of these cancellations were in LME warehouses in the U.S., where COMEX copper was ...

| Released on Mar 24, 2026 |

 Copper falls after Iran denies talks to end war, attacks Israel

  

  From brecorder.com|Mar 24, 2026 [...] From brecorder.com|Mar 24, 2026

  London copper slipped on Tuesday, giving up most ...",0.7898345,pending,0.0,False,49,0.2
2026-01-07,Copper Price Forecast – Market Outlook & Future Trends | Capital.com,capital.com,https://capital.com/en-int/analysis/copper-price-forecast,"## Copper price: Technical overview

Copper is trading near 6.03 at 10:06 UTC on 7 January 2026, holding above a rising daily moving-average cluster, with the 20-, 50-, 100- and 200-day moving averages around 5.51, 5.24, 4.98 and 4.90 respectively. The 20-over-50 alignment remains intact, with price positioned above this band, while the 14-day RSI near 68.5 indicates firm, upper-neutral momentum. The ADX around 41.8 points to an established trend environment. [...] Copper is trading around $6.03 per pound at 10:06 UTC on 7 January 2026, moving within an intraday range between the platform low of $5.97 and high of $6.13 on Capital.com’s feed. The price action follows a broader rally that recently saw benchmark copper contracts reach record territory above $13,000 per tonne on major futures ...",0.8358192,old_news,0.0,False,0,0.0
2026-01-08,"'Substantial Shortfall' in Copper Supply Widens as the Race for AI and Growing Defense Spending Add to Accelerating Demand, New S&P Global Study Finds - Jan 8, 2026",press.spglobal.com,"https://press.spglobal.com/2026-01-08-Substantial-Shortfall-in-Copper-Supply-Widens-as-the-Race-for-AI-and-Growing-Defense-Spending-Add-to-Accelerating-Demand,-New-S-P-Global-Study-Finds","S&P Global Logo (PRNewsfoto/S&P Global)"")

The study finds that the ""accelerating pace of electrification"" is projected to swell copper demand to 42 million metric tons by 2040, a 50% increase from current levels. Yet, existing supply is currently poised to decrease in coming years as the mining sector faces challenges across the copper value chain.

The study projects that global copper production will peak in 2030 at 33 million metric tons. Unless significant adjustments are made, the widening disconnect will result in a supply deficit of 10 million metric tons by 2040—25% below projected demand.

This ""substantial shortfall"" occurs despite what the study expects will be a more than doubling of recycled copper scrap, from 4 million metric tons today to 10 million metric tons by 2040. [.....",0.73981786,old_news,0.0,False,0,0.0
2026-01-05,Major Chilean Copper Mine Slows Production Amid Strike,www.industrialinfo.com,https://www.industrialinfo.com/iirenergy/industry-news/article/major-chilean-copper-mine-slows-production-amid-strike--351425,"Union #2, the labor union at Capstone Copper Corporation's (Vancouver, British Columbia) Mantoverde Copper Mine in Chanaral, Chile, began a strike January 2, following failed negotiations between the company and the union. According to local newspaper El Zorro Nortino, a voluntary mediation by Chile's Labor Inspectorate is expected Monday, January 5, at 19:00 Chile time to try to resolve the issue.  
  
 In a statement, Capstone, the owner of the asset, said that the mine will operate at up to 30% of its normal production during the strike. Subscribers to Industrial Info's Global Market Intelligence (GMI) Metals & Minerals Plant Database can learn more about the Mantoverde Copper Mine in a detailed plant profile. [...] Trending Insights |

South Korea Picks Sites for New Nuclear Power Proj...",0.86954874,old_news,0.0,False,0,0.0
2025-06-24,US Fed Interest Rate Cuts: Impact on Copper Prices,discoveryalert.com.au,https://discoveryalert.com.au/federal-reserve-interest-rate-copper-prices-2025,"Discovery Alert

Login   Free Alerts

# US Fed Interest Rate Cuts: Impact on Copper Prices

BY JOHN ZADEH ON JUNE 24, 2025

Copper prices rise amid US Fed rate cut.

## How Do Federal Reserve Interest Rate Decisions Affect Copper Prices?

### The Relationship Between Monetary Policy and Commodity Markets

Interest rate decisions by the Federal Reserve create significant ripple effects across commodity markets, particularly for industrial metals like copper. When the Fed cuts interest rates, several mechanisms activate that typically support higher US Fed interest rate cut and copper prices. [...] First and foremost, rate cuts generally weaken the US dollar. Since copper is priced in dollars on global markets, a weaker greenback makes the metal more affordable for buyers using other currenc...",0.9094659,old_news,0.0,False,0,0.0
2024-04-10,Copper for Electric Vehicles,www.youtube.com,https://www.youtube.com/watch?v=_T0Jbzdy3F4,"the rising popularity of electric cars and the transition towards cleaner transportation options.
The total amount of copper used in Battery Electric Vehicles has grown sharply from just 
1,000 tonnes in 2010 to about 1 million tonnes in 2023; that’s up 1 000 times over the past 
13 years. Incorrys is forecasting BEV demand growth to accelerate increasing to 
over 3 1/2 million tonnes by 2030. As noted earlier, demand for electric vehicles 
only represents about 12 percent of total copper demand. Incorrys believes that there 
will be sufficient copper supply to 2030 to satisfy demand for “electrical vehicles” 
worldwide, especially when considering additional factors such as advancements in 
battery technology, the improved efficiency of copper utilization, and material recycling. [...] ##...",0.90432173,old_news,0.0,False,0,0.0
2025-10-01,Commodities Market Outlook: 4Q '25 - Citi,www.citigroup.com,https://www.citigroup.com/global/insights/commodities-market-outlook-4q-25,"We are constructive in the medium term on copper, with a $12,000-a-ton base case (~20% upside) over the next six to 12 months; our bull case is +40% to $14,000 a ton. While we’re neutral for this year’s fourth quarter, copper is exposed to structural energy-transition and AI trends and leveraged to a pickup in U.S. and global growth expectations. [...] Among our key takeaways, we see the ongoing bull market in gold and silver and the moderate bear market in crude oil continuing into early next year. We see the gold and silver bull market broadening and eventually shifting into copper and aluminum in 2026, driven by the prospect of new dovish Federal Reserve leadership, and related lower U.S. real interest rates and downward pressure on the dollar. We also see stimulus from the One Big Beau...",0.8785752,old_news,0.0,False,0,0.0
